requirement,resume,score
job requirements.txt,2026-02-04 12-24-35 - Yusuf Khan.pdf,0.0
job requirements.txt,Abhishek Resume[1]-1 - Abhishek Rakshale.pdf,0.022514356033527926
job requirements.txt,AbhishekSuryawanshi_RESUME - Abhishek Suryawanshi.pdf,0.0
job requirements.txt,Abiral_Pandey_Fullstack_Java.pdf,0.008491231253012196
job requirements.txt,Achyuth Resume_8.pdf,0.009239112707506453
job requirements.txt,Adelina_Erimia_PMP1.pdf,0.0
job requirements.txt,Adhi Gopalam - SM.pdf,0.0
job requirements.txt,Aditikuhar_GSMCOE - aditi kuhar.pdf,0.10399590003420181
job requirements.txt,Aditi_Resume  - Aditi Anarase.pdf,0.0025972831439614566
job requirements.txt,Aditi_Resume - Aditi anarse.pdf,0.012871408951664913
job requirements.txt,Aditya Pankaj Pawar Resume 1 page - Aditya Pawar.pdf,0.03983875554697372
job requirements.txt,AdityaResume - 2411ADitya Deshmane.pdf,0.08543404593320161
job requirements.txt,Aditya_More_ATS_Resume_2025 - Aditya More.pdf,0.007676767419809572
job requirements.txt,AjayKumar.pdf,0.004948223733939402
job requirements.txt,Akanksha R - Akanksha Gaykar.pdf,0.06457913278954627
job requirements.txt,Akhil.profile.pdf,0.006231235370634107
job requirements.txt,Akhil_Sr BSA.pdf,0.005580130879739237
job requirements.txt,Alekhya Resume.pdf,0.010701535791078609
job requirements.txt,Alhad Thakare-DA-CV - Alhad Thakare.pdf,0.040581148702781455
job requirements.txt,Amar Sr BSA.pdf,0.014007607145367421
job requirements.txt,Ami Jape.pdf,0.00226374548157583
job requirements.txt,Amrinder Business Analyst.pdf,0.006589587333559197
job requirements.txt,Amulya Komatineni.pdf,0.009760254612022947
job requirements.txt,Aniket_Patade_Resume - Aniket Patade.pdf,0.007378347389758106
job requirements.txt,Anil Krishna Mogalaturthi.pdf,0.010366203125561482
job requirements.txt,AnilAgarwal.pdf,0.00431794244251851
job requirements.txt,Ankita_Kadam_9673051165 - Ankita Kadam.pdf,0.061364550867663695
job requirements.txt,Anudeep N_Sr Java Developer.pdf,0.003980681878217199
job requirements.txt,Anushka-kolteCV - Anushka kolte.pdf,0.2024691821949665
job requirements.txt,Arpita_Resume(aa) - Arpita Ambalkar.pdf,0.08621791557669567
job requirements.txt,Ashok Jayakumar - PM.pdf,0.0007858854777548297
job requirements.txt,Ashwini J2EE Developer.pdf,0.009449218098201406
job requirements.txt,Atharva Pande (Resume) - Atharva Pande.pdf,0.0
job requirements.txt,Atul_Mathur_Resume.pdf,0.0
job requirements.txt,Avathika BA-Healthcare_.pdf,0.007849404231264205
job requirements.txt,avinash G.pdf,0.010151654200757717
job requirements.txt,B Shaker-Sr BSA-Scrum Master .pdf,0.0099871394295237
job requirements.txt,B Suresh Kumar_Project Manager_1.pdf,0.006572811846266726
job requirements.txt,B. E. CV_compressed - Kalpesh Thakare.pdf,0.015968290536054273
job requirements.txt,BA - Abhishek.pdf,0.007083843875159805
job requirements.txt,BA - Navneet.pdf,0.004904862951460216
job requirements.txt,BA Kiran.pdf,0.002457294073982912
job requirements.txt,BA with INV.pdf,0.007023704785671253
job requirements.txt,Balaji Gopalakrishnan Project Manager.pdf,0.007902502683484545
job requirements.txt,Balakrishna Sudabathula.pdf,0.0070177744341565545
job requirements.txt,Bapuji Hadoop developer.pdf,0.022364173876752616
job requirements.txt,Bariya-Shaikh-Resume - Bariya Shaikh.pdf,0.03739045570914439
job requirements.txt,Bharat Arora_CV_PMP _ ERP1.pdf,0.0028331863637129804
job requirements.txt,Bharatha BA Resume.pdf,0.005003271147921231
job requirements.txt,Brahma-Resume (BA).pdf,0.010404350793667928
job requirements.txt,Business Analyst_GHyma.pdf,0.006668812748694916
job requirements.txt,Chandler_BA.pdf,0.0034647245009172666
job requirements.txt,chenna kesava.pdf,0.012193430711757974
job requirements.txt,CHETAN_Sr Java Developer.pdf,0.021029414104241487
job requirements.txt,Cv_prasad - Prasad Kulkarni.pdf,0.021970801884476122
job requirements.txt,Dantu Padmasri - Project Manager.pdf,0.0028328295322025414
job requirements.txt,Dave.pdf,0.015352985506657018
job requirements.txt,Deepika Chintalapati.pdf,0.004379664859552483
job requirements.txt,Deepika DC.pdf,0.009986887893502563
job requirements.txt,Derik.pdf,0.015352985506657018
job requirements.txt,Dhanalaxmi -BA.pdf,0.004007708225498917
job requirements.txt,DOC-20250321-WA0028. - Atharv Phadtare.pdf,0.054273521855524906
job requirements.txt,download-resume - Reena T.pdf,0.09114763298765381
job requirements.txt,Drakshajavauidev.pdf,0.008153114452377853
job requirements.txt,ebc12621-23f5-4636-8a67-a68c17390eb1 - Mahek.070.pdf,0.005640061227927388
job requirements.txt,employer_mounika details.pdf,0.0
job requirements.txt,Francis Gomes Resume.pdf,0.0
job requirements.txt,Ganesh_K_Resume - Ganesh K..pdf,0.04134249880018544
job requirements.txt,Gautami Bulusu Mobile Testing 3.pdf,0.0008851868289125592
job requirements.txt,Gokul Selvam S PM.pdf,0.0024399256724173543
job requirements.txt,gopal tayade - GOPAL TAYADE.pdf,0.02272321593773743
job requirements.txt,Gopi.pdf,0.013875957456809817
job requirements.txt,Gururaja Murthy PMCPCSM.pdf,0.0005882804361317459
job requirements.txt,Haarika_BA.pdf,0.002338946493458522
job requirements.txt,Harika_java.pdf,0.007636174952402174
job requirements.txt,Harish K.pdf,0.011400240959105743
job requirements.txt,harish S.pdf,0.004862461984831525
job requirements.txt,HARI_Sr.Java Developer.pdf,0.009210014229170692
job requirements.txt,Harshitha Challa.pdf,0.0102515186393923
job requirements.txt,indrakaran soma.pdf,0.01470188748427123
job requirements.txt,Ishwar Bade 9021263006 - Ishwar Bade.pdf,0.05292525568518855
job requirements.txt,jagadeesh k.pdf,0.00952203925495203
job requirements.txt,Jagan S Iyer PM.pdf,0.0017755856136371098
job requirements.txt,Jaid_Mulla_AI_Research_Intern - JAID MULLA.pdf,0.16489336553884248
job requirements.txt,Jaya prakash.pdf,0.006442479520858836
job requirements.txt,Jayadattaperi N.pdf,0.011746145388083872
job requirements.txt,Jay_Tank_Resume - Jay Tank.pdf,0.0
job requirements.txt,jeck P.pdf,0.022336512177314
job requirements.txt,Jennifer  M. Conte.pdf,0.007969569666938533
job requirements.txt,Jimi_Desai_PM.pdf,0.001300162744647715
job requirements.txt,Kalpesh_Resume_9022467142-1 - Kalpesh Sonawane.pdf,0.007806095896362551
job requirements.txt,kalyan das.pdf,0.009212173435342658
job requirements.txt,Kashyap K. Vora resume.pdf,0.03293476823912943
job requirements.txt,Kiran Java Developer - Kiran Pimpaldohakar.pdf,0.0
job requirements.txt,KIRAN KUMAR.pdf,0.006769660458194101
job requirements.txt,komal patel.pdf,0.0061596790465693494
job requirements.txt,Komala BSA Resume.pdf,0.008336003436989127
job requirements.txt,Krishna Kuruvella.pdf,0.002120564700157444
job requirements.txt,Krishna Sr. BSA Resume.pdf,0.00833125294121713
job requirements.txt,Krishnapriya_BA.pdf,0.0038457798078154978
job requirements.txt,Krishna_BSA.pdf,0.007481061027925834
job requirements.txt,Krishna_SrJava.pdf,0.007958680888526698
job requirements.txt,Kumar Raj.pdf,0.022682537053862965
job requirements.txt,Kunal_Darekar_9423845339 - KUNAL DAREKAR.pdf,0.02517016734635255
job requirements.txt,Kuppurajbabu_BA.pdf,0.008020270370122136
job requirements.txt,KY BA PM UPDATED RESUME .pdf,0.00779146570397867
job requirements.txt,Madhuri Pawar.pdf,0.0007912749174765745
job requirements.txt,madhuri R.pdf,0.009164111972378963
job requirements.txt,madhuri_java.pdf,0.007144055920251638
job requirements.txt,MAHESH - Mahesh Sanap.pdf,0.0034041207150929524
job requirements.txt,mahesh_Java.pdf,0.0037399315541354833
job requirements.txt,Mahesh_Kamath_PM (1).pdf,0.002040015623709172
job requirements.txt,Manikanta P.pdf,0.0203293844177719
job requirements.txt,MANISH-PATIL-Resume  - Manish Patil.pdf,0.0696505493631824
job requirements.txt,manish_singh_resume.pdf,0.0037232443449971404
job requirements.txt,Mani_Hadoop.pdf,0.01785329797276215
job requirements.txt,Manohar B.pdf,0.011938330769526965
job requirements.txt,Manohar Reddy.pdf,0.03192448720450106
job requirements.txt,manohar.B.pdf,0.013069248733131696
job requirements.txt,Mantesh_Swami_DA_Resume (2) - Mantesh Swami.pdf,0.10637719282170863
job requirements.txt,mayuri_patil (2) - Mayuri Patil.pdf,0.015854577167584982
job requirements.txt,Mehul.pdf,0.005337074227156544
job requirements.txt,Mitali Barman_Resume.pdf,0.0017082784558962992
job requirements.txt,Modern Minimalist CV Resume (1) - Mayuresh Kshirsagar.pdf,0.0
job requirements.txt,Mohamad Jamil.pdf,0.014984648623953985
job requirements.txt,Mohammad Resume.pdf,0.013430018948179802
job requirements.txt,mohid_rj.pdf,0.011130047700598425
job requirements.txt,mounika BA resume 7.pdf,0.005686558249284846
job requirements.txt,Mounika health care resume.pdf,0.0062639629654897885
job requirements.txt,MounikaReddy.pdf,0.007055542501268721
job requirements.txt,Mounika_P.pdf,0.00503009746790456
job requirements.txt,My_Resume (1) - Aayush Paralikar.pdf,0.09739642630727406
job requirements.txt,My_Resume - Ratnadeep Gurav.pdf,0.156798834598932
job requirements.txt,Nandini_Resume.pdf,0.0002934583633446954
job requirements.txt,Naren Sr.BA .pdf,0.005311139858121664
job requirements.txt,Naren Sr.BA.pdf,0.005304539419813205
job requirements.txt,Naresh V.pdf,0.009098789341403995
job requirements.txt,Naveen Arora.pdf,0.02421770446355084
job requirements.txt,Naveen Kumar Bandela.pdf,0.012971977068657548
job requirements.txt,Naveen.S_Resume.pdf,0.009931276128339129
job requirements.txt,Navneeth Resume.pdf,0.006976197877101929
job requirements.txt,Neha Mugghala.pdf,0.018560457614025
job requirements.txt,Nikhil.pdf,0.00926612031795385
job requirements.txt,Nikita_Aghicha - Nikita Aghicha.pdf,0.04193103361930154
job requirements.txt,Nikith Reddy.pdf,0.010854849602761871
job requirements.txt,Nikki_Nimmagadd.pdf,0.0032096631009933766
job requirements.txt,Nilesh-resume_1_phplead.pdf,0.0
job requirements.txt,Niteesh Java Developer.pdf,0.017101230414415466
job requirements.txt,nithin katapally.pdf,0.018291864055006966
job requirements.txt,nithin Reddy.pdf,0.017569574406790647
job requirements.txt,Omkar Kapale Resume  - Omkar Kapale.pdf,0.01670399913672353
job requirements.txt,Om_Pawar (3) - Om Pawar.pdf,0.07484815221654473
job requirements.txt,Othman - Project Manager.pdf,0.002286605053167715
job requirements.txt,Pankaj BSA.pdf,0.01016077182091207
job requirements.txt,ParthMPatel_BA.pdf,0.010808022136573258
job requirements.txt,Pavan Kumar Full Stack Java Developer.pdf,0.009310267958293825
job requirements.txt,Pavan Sr Business Analyst resume.pdf,0.011363518916900855
job requirements.txt,Pierre John.pdf,0.01722745151311092
job requirements.txt,PM RESUME.pdf,0.0
job requirements.txt,PRABHAT SHARMA 9359318168 - Prabhat Sharma.pdf,0.12723168125239215
job requirements.txt,Prachi-Ukey_Resume - Prachi Ukey.pdf,0.02865807067425405
job requirements.txt,Pranay P.pdf,0.006032843713832819
job requirements.txt,Prasad_Cv - Prasad Kulkarni.pdf,0.019709471675240932
job requirements.txt,Prashant Chawda_resume.pdf,0.0
job requirements.txt,Prataprao Kale - Prataprao Kale.pdf,0.046720161555973125
job requirements.txt,Prathamesh_Bhagwat_Resume-1 - Prathmesh Bhagwat.pdf,0.07819083012973313
job requirements.txt,Praveen B.pdf,0.001364077570823182
job requirements.txt,Praveen T.pdf,0.0066889996202105706
job requirements.txt,Priya B.pdf,0.01408948780075563
job requirements.txt,Priyanka Resume (1) - Priyanka Mathpati.pdf,0.012427703064013447
job requirements.txt,Priyanka Sr BSA Resume.pdf,0.006035226015810814
job requirements.txt,Priya_Sharma.pdf,0.0017136227088775573
job requirements.txt,Rajendra-PMP-CSM.pdf,0.0009917915094638033
job requirements.txt,Rajesh_k.pdf,0.007755915247871058
job requirements.txt,Raju Goduguchinta_Technical Program Manager.pdf,0.0018801750745873328
job requirements.txt,ram krishna.pdf,0.010490210203940805
job requirements.txt,ram nandyala.pdf,0.01711318461193367
job requirements.txt,Ramachandra EDA.pdf,0.017153471097544754
job requirements.txt,Ramkrishna_Kshirsagar_9307408326 - Ramkrishna Kshirsagar.pdf,0.03328537244454411
job requirements.txt,Ramteja Motupalli.pdf,0.006867967131422063
job requirements.txt,RAMYA BUSINESS ANALYST RESUME.pdf,0.022620328693231963
job requirements.txt,Randy Adams.pdf,0.01243814420955807
job requirements.txt,Ranjan_Project Manager-Scrum Master.pdf,0.0011915407356337642
job requirements.txt,Rao_Java.pdf,0.006969089733707559
job requirements.txt,Rashmitha R.pdf,0.01520796731898279
job requirements.txt,Ravi Pattar- Sr. Agile Program manager.pdf,0.009916110904272385
job requirements.txt,Ravi Reddy.pdf,0.013401795503500388
job requirements.txt,RaviBurra_Certified PM_DevOps.pdf,0.00432175990480522
job requirements.txt,ravikiran JALASUTRAPU.pdf,0.004397499988437407
job requirements.txt,RaviRaju_Resume.pdf,0.007242550771848433
job requirements.txt,Reddemma_Lankipalle.pdf,0.008388137758732529
job requirements.txt,Resume  - Rushikesh Takik.pdf,0.0
job requirements.txt,Resume - Kishore Kotapati - 218E - BA.pdf,0.0006303304779382039
job requirements.txt,Resume - PM Agile-Scrum.pdf,0.0
job requirements.txt,Resume - Sr PM.pdf,0.0
job requirements.txt,Resume Madhura - Madhura Nikam.pdf,0.06796946195820028
job requirements.txt,Resume Rutu (1) - Rutuja sawai.pdf,0.009403202236282646
job requirements.txt,"Resume Vishal PM - MSIS, PMP-PMI.pdf",0.08603528326021397
job requirements.txt,Resume2018March.pdf,0.0026618015774093518
job requirements.txt,ResumeParthTate - Parth Tate.pdf,0.04256291572759394
job requirements.txt,ResumeVaishnavi - Vaishnavi Tokale.pdf,0.1058292790181127
job requirements.txt,Resume_Spoorti Pandit_BSA.pdf,0.0013333992323061666
job requirements.txt,Robinson.pdf,0.008317945833435566
job requirements.txt,Rohanu Resume.pdf,0.007393649755165491
job requirements.txt,Rohit_Bhore_Resume - Rohit Bhore.pdf,0.010211580188513106
job requirements.txt,ronith s.pdf,0.00865967447561894
job requirements.txt,Rupali_kale - rupali kale.pdf,0.019208996263560728
job requirements.txt,Rushikesh Takik Resume - Rushikesh Takik.pdf,0.05198360077297508
job requirements.txt,SagarA (1) - SAGAR KADAM.pdf,0.0020822518411415486
job requirements.txt,Sahas BA Resume.pdf,0.013088482460594462
job requirements.txt,Sahil kadam (1) - Sahil Kadam.pdf,0.0
job requirements.txt,Sahithi K.pdf,0.009356375322278985
job requirements.txt,sai k.pdf,0.006721323335217438
job requirements.txt,Sai Krishna BA.pdf,0.005962153298651365
job requirements.txt,Sai kumar.pdf,0.010139302666824323
job requirements.txt,Sai Srinivas_Sr_Java_Developer.pdf,0.01960974333049226
job requirements.txt,sairithvik alla.pdf,0.016663568260327107
job requirements.txt,Saiteja G.pdf,0.01096748524572003
job requirements.txt,Sakshi final resume-3 - Sakshi Umate.pdf,0.028160252177915308
job requirements.txt,Samarth-Sanjay-Harde-Resume - Samarth harde.pdf,0.11719568178522417
job requirements.txt,Samir Naik-NJ - Feb 2018-V6.0.pdf,0.0007413352347828022
job requirements.txt,Samir Naik-NJ - Mar 2018-V3.0.pdf,0.0007349343693170404
job requirements.txt,sanikap.resume - sanika Pawar.pdf,0.042563005744049344
job requirements.txt,Sanika_Adkurkar_8530289363 - Sanika Adkurkar.pdf,0.07562991458541607
job requirements.txt,sanjay kumar.pdf,0.01032792758938231
job requirements.txt,Santosh Arugula BA.pdf,0.0034473643160153953
job requirements.txt,Santosh Kirtane Resume - Santosh Kirtane.pdf,0.0
job requirements.txt,Sarath M.pdf,0.008158425442524556
job requirements.txt,SaravanaKumar.pdf,0.0033058937280910066
job requirements.txt,SarthakDharam_Resume - Sarthak Dharam.pdf,0.06079210536560144
job requirements.txt,Satish Reddy.pdf,0.020331878097696453
job requirements.txt,Satish Uduta.pdf,0.007891590537674074
job requirements.txt,SAURABH_PM.pdf,0.009247703197776576
job requirements.txt,Sayali Jadhav (3) - Sayali Jadhav.pdf,0.0
job requirements.txt,Shail_Tank-Business Analyst .pdf,0.013630078598948742
job requirements.txt,Shaker Resume.pdf,0.011267644182013828
job requirements.txt,Sharath Java.pdf,0.008836555926088513
job requirements.txt,Shashank.pdf,0.003855755766021851
job requirements.txt,shaz_resume - Shaz Kazi.pdf,0.19563643903400435
job requirements.txt,Shelly Woods.pdf,0.0067946649063780175
job requirements.txt,Shiuli Mahmud.pdf,0.00968720548809755
job requirements.txt,Shiva G-Java Resume.pdf,0.0036686961879248965
job requirements.txt,Shreyash Musmade - Shreyash Musmade.pdf,0.061671569485511855
job requirements.txt,Shrikrishna Resume - Shrikrishna Sutar.pdf,0.00819892760710869
job requirements.txt,Shruti Resume - Shruti.pdf,0.0
job requirements.txt,shubhangi_shelake_Mern_Stack_Resume - Shubhangi shelake.pdf,0.0
job requirements.txt,Shymkumar Nhavkar CV DATA SCIENTIST - Shyamkumar Nhavkar.pdf,0.2231761208846064
job requirements.txt,Siddhartha Gandroju.pdf,0.016936969829537553
job requirements.txt,Smita Kamble_Resume.pdf,0.01029853748189071
job requirements.txt,Software_Engineer_Resume (2) - Samruddhi Magdum.pdf,0.10258341698719492
job requirements.txt,Sougandh_Java Fullstack Developer.pdf,0.009046439882748095
job requirements.txt,Spoorthi Finance BSA Resume.pdf,0.008215932619220647
job requirements.txt,sql base resume_060547 - Omkar Pawar.pdf,0.018318173535074037
job requirements.txt,Sr. Business Analyst.pdf,0.006743867475673063
job requirements.txt,Sravani Battu.pdf,0.006742909292010116
job requirements.txt,Sravani Singirikonda.pdf,0.012278385418040664
job requirements.txt,Sri Gati.pdf,0.015549908584539847
job requirements.txt,srinivas b.pdf,0.003789009674938126
job requirements.txt,Srivatsan_Project_Manager.pdf,0.005156921434558267
job requirements.txt,Sudhakar Reddy.pdf,0.0023335364421979373
job requirements.txt,Sumanth Manne Java Developer.pdf,0.01006551896595244
job requirements.txt,Sumit_Resume-4 - Sumit Mane.pdf,0.0111399671891855
job requirements.txt,Sundar_Java_8+ Years..pdf,0.0097618169211601
job requirements.txt,SUNITHA Project Manager (1).pdf,0.004993797649935122
job requirements.txt,Syed_Zia_Ashraf.pdf,0.010373703886980392
job requirements.txt,Tanmay_Dam_Resume_BA.pdf,0.00642460745014568
job requirements.txt,Tarun RESUME-BSAT.pdf,0.011136966679759
job requirements.txt,Tarun Resume.pdf,0.008515316968226126
job requirements.txt,Tarun.pdf,0.0270791327529006
job requirements.txt,Tarun_Developer.pdf,0.015365309352274032
job requirements.txt,Tejaswi-resume.pdf,0.00891921117820456
job requirements.txt,Tejas_Ahire_7709083540 - Tony Stark.pdf,0.0019327868921959284
job requirements.txt,Tejas_Pawale__1___1_ (1) - TEJAS PAWALE.pdf,0.0319236589938285
job requirements.txt,Tushar Patel.pdf,0.014750066208738997
job requirements.txt,Uday_Maripelly.pdf,0.012155612507879537
job requirements.txt,Ujjwal Fengde CV_compressed - Ujjwal Fengde.pdf,0.006848808529006123
job requirements.txt,Ujvala BA Feb 20.pdf,0.011449590719515962
job requirements.txt,Utthan Silawal12.pdf,0.006668552968614941
job requirements.txt,V Ashok A.pdf,0.0047191173593951734
job requirements.txt,Vaishanvi Shete1-1 - Vaishnavi Shete.pdf,0.05263004311583262
job requirements.txt,vaishnavi Resume - Vaishnavi Tokale.pdf,0.05577387026735403
job requirements.txt,Vaishnavi-Chandak-resume - Vaishnavi Chandak.pdf,0.0
job requirements.txt,Vamshi L.pdf,0.008568367654456097
job requirements.txt,Vamshi Teja_Business Analyst.pdf,0.008545022723534773
job requirements.txt,Varun Kumar.pdf,0.008125395042981886
job requirements.txt,Varun.pdf,0.010236745180834724
job requirements.txt,Vedant Resume - Vedant Kshirsagar.pdf,0.054190589025985836
job requirements.txt,Vedanti Nagane Resume - Vedanti Nagane(1).pdf,0.02065962131549829
job requirements.txt,Vedanti Nagane Resume - Vedanti Nagane.pdf,0.02065962131549829
job requirements.txt,Vedantresume (2) - Vedant Yeole.pdf,0.0025942155323038273
job requirements.txt,vema reddy.pdf,0.034569231928718656
job requirements.txt,Venkata_Sr.PHP_Developer.pdf,0.013146995326081372
job requirements.txt,Venkat_BA.pdf,0.0020828010297509786
job requirements.txt,venu b.pdf,0.007634220536460736
job requirements.txt,Vijay Bhargav.pdf,0.03839733033203902
job requirements.txt,VIJETHA G.pdf,0.01799053988690255
job requirements.txt,vikas java.pdf,0.009261440286754456
job requirements.txt,Vikash_BA_Ab.pdf,0.013459387242210966
job requirements.txt,Vinay.D_Resume.pdf,0.008281925542347735
job requirements.txt,VinayakResume1 - Vinayak Patil.pdf,0.021635690394978
job requirements.txt,Vishal S..pdf,0.00338221358565923
job requirements.txt,Vishal Shinde resume (2)  - vishal shinde.pdf,0.03070699441639445
job requirements.txt,Vishnu BA Resume.pdf,0.006540708773853771
job requirements.txt,Vishnu J.pdf,0.02117920267784648
job requirements.txt,Vishnu Java dev.pdf,0.02117920267784648
job requirements.txt,Vishu_Resume_Latest - vishwajit patil.pdf,0.10490578348879447
job requirements.txt,Vivek Joshi_CV.pdf,0.0010997564784303955
job requirements.txt,Vivek.BSA.pdf,0.003227602244408963
job requirements.txt,WebDev_Resume - Aryan Pardeshi.pdf,0.0
job requirements.txt,Yohan BSA.pdf,0.014447403924958857
job requirements.txt,Yugesh_Resume.pdf,0.00931122908060648
JR1.txt,2026-02-04 12-24-35 - Yusuf Khan.pdf,0.0
JR1.txt,Abhishek Resume[1]-1 - Abhishek Rakshale.pdf,0.02983683800687343
JR1.txt,AbhishekSuryawanshi_RESUME - Abhishek Suryawanshi.pdf,0.02663720177372547
JR1.txt,Abiral_Pandey_Fullstack_Java.pdf,0.03167319767923047
JR1.txt,Achyuth Resume_8.pdf,0.021275292790216793
JR1.txt,Adelina_Erimia_PMP1.pdf,0.002368527077689922
JR1.txt,Adhi Gopalam - SM.pdf,0.015692841183029698
JR1.txt,Aditikuhar_GSMCOE - aditi kuhar.pdf,0.12313096276164379
JR1.txt,Aditi_Resume  - Aditi Anarase.pdf,0.019939665688323234
JR1.txt,Aditi_Resume - Aditi anarse.pdf,0.0
JR1.txt,Aditya Pankaj Pawar Resume 1 page - Aditya Pawar.pdf,0.02433550863394811
JR1.txt,AdityaResume - 2411ADitya Deshmane.pdf,0.03514281887375264
JR1.txt,Aditya_More_ATS_Resume_2025 - Aditya More.pdf,0.023501827278791566
JR1.txt,AjayKumar.pdf,0.02413917288497275
JR1.txt,Akanksha R - Akanksha Gaykar.pdf,0.04736009094362058
JR1.txt,Akhil.profile.pdf,0.041809339626722584
JR1.txt,Akhil_Sr BSA.pdf,0.03878800152443207
JR1.txt,Alekhya Resume.pdf,0.035664842803185694
JR1.txt,Alhad Thakare-DA-CV - Alhad Thakare.pdf,0.12249000250457137
JR1.txt,Amar Sr BSA.pdf,0.08299552948490369
JR1.txt,Ami Jape.pdf,0.00394801858061736
JR1.txt,Amrinder Business Analyst.pdf,0.04243277712808172
JR1.txt,Amulya Komatineni.pdf,0.03246991126315208
JR1.txt,Aniket_Patade_Resume - Aniket Patade.pdf,0.02837625542740107
JR1.txt,Anil Krishna Mogalaturthi.pdf,0.027634545010458332
JR1.txt,AnilAgarwal.pdf,0.009431486865958044
JR1.txt,Ankita_Kadam_9673051165 - Ankita Kadam.pdf,0.047546693476941515
JR1.txt,Anudeep N_Sr Java Developer.pdf,0.018188336380779914
JR1.txt,Anushka-kolteCV - Anushka kolte.pdf,0.11764305450156208
JR1.txt,Arpita_Resume(aa) - Arpita Ambalkar.pdf,0.057962699351411115
JR1.txt,Ashok Jayakumar - PM.pdf,0.018012263270684403
JR1.txt,Ashwini J2EE Developer.pdf,0.03143511294353101
JR1.txt,Atharva Pande (Resume) - Atharva Pande.pdf,0.018595971827864582
JR1.txt,Atul_Mathur_Resume.pdf,0.01570766945720541
JR1.txt,Avathika BA-Healthcare_.pdf,0.0422386879211505
JR1.txt,avinash G.pdf,0.0384981576514572
JR1.txt,B Shaker-Sr BSA-Scrum Master .pdf,0.06825378403883933
JR1.txt,B Suresh Kumar_Project Manager_1.pdf,0.009245467272451725
JR1.txt,B. E. CV_compressed - Kalpesh Thakare.pdf,0.00874334496888967
JR1.txt,BA - Abhishek.pdf,0.09825705618882977
JR1.txt,BA - Navneet.pdf,0.03169010889410124
JR1.txt,BA Kiran.pdf,0.05476337102350671
JR1.txt,BA with INV.pdf,0.06722708595417456
JR1.txt,Balaji Gopalakrishnan Project Manager.pdf,0.05639371291152349
JR1.txt,Balakrishna Sudabathula.pdf,0.03237468674272257
JR1.txt,Bapuji Hadoop developer.pdf,0.08418463271110464
JR1.txt,Bariya-Shaikh-Resume - Bariya Shaikh.pdf,0.057060654877923396
JR1.txt,Bharat Arora_CV_PMP _ ERP1.pdf,0.006347848199194296
JR1.txt,Bharatha BA Resume.pdf,0.04785413949610313
JR1.txt,Brahma-Resume (BA).pdf,0.06783022063225257
JR1.txt,Business Analyst_GHyma.pdf,0.06927226493763199
JR1.txt,Chandler_BA.pdf,0.025912074450969207
JR1.txt,chenna kesava.pdf,0.028773444387104902
JR1.txt,CHETAN_Sr Java Developer.pdf,0.04002441500450819
JR1.txt,Cv_prasad - Prasad Kulkarni.pdf,0.042947761735966816
JR1.txt,Dantu Padmasri - Project Manager.pdf,0.0245375415795072
JR1.txt,Dave.pdf,0.04046161174016963
JR1.txt,Deepika Chintalapati.pdf,0.029632660107621195
JR1.txt,Deepika DC.pdf,0.025088001853280317
JR1.txt,Derik.pdf,0.04046161174016963
JR1.txt,Dhanalaxmi -BA.pdf,0.03142558868168788
JR1.txt,DOC-20250321-WA0028. - Atharv Phadtare.pdf,0.03248220605082502
JR1.txt,download-resume - Reena T.pdf,0.053895064207026
JR1.txt,Drakshajavauidev.pdf,0.027998985132659134
JR1.txt,ebc12621-23f5-4636-8a67-a68c17390eb1 - Mahek.070.pdf,0.013966174870777908
JR1.txt,employer_mounika details.pdf,0.009075611344214345
JR1.txt,Francis Gomes Resume.pdf,0.010369433751261089
JR1.txt,Ganesh_K_Resume - Ganesh K..pdf,0.05038494231272786
JR1.txt,Gautami Bulusu Mobile Testing 3.pdf,0.010773456450444602
JR1.txt,Gokul Selvam S PM.pdf,0.01544088048291684
JR1.txt,gopal tayade - GOPAL TAYADE.pdf,0.05557142875429154
JR1.txt,Gopi.pdf,0.036141591744088646
JR1.txt,Gururaja Murthy PMCPCSM.pdf,0.011686987594666853
JR1.txt,Haarika_BA.pdf,0.03659690143450463
JR1.txt,Harika_java.pdf,0.03124021792247912
JR1.txt,Harish K.pdf,0.0348150954081139
JR1.txt,harish S.pdf,0.021086328736389135
JR1.txt,HARI_Sr.Java Developer.pdf,0.02486261278857812
JR1.txt,Harshitha Challa.pdf,0.0416844251070526
JR1.txt,indrakaran soma.pdf,0.02732478289652529
JR1.txt,Ishwar Bade 9021263006 - Ishwar Bade.pdf,0.04353831860288285
JR1.txt,jagadeesh k.pdf,0.029777630433170568
JR1.txt,Jagan S Iyer PM.pdf,0.015504385962961727
JR1.txt,Jaid_Mulla_AI_Research_Intern - JAID MULLA.pdf,0.07938912124585071
JR1.txt,Jaya prakash.pdf,0.033944584143838066
JR1.txt,Jayadattaperi N.pdf,0.030155099313549257
JR1.txt,Jay_Tank_Resume - Jay Tank.pdf,0.008376451032724002
JR1.txt,jeck P.pdf,0.0550016335750465
JR1.txt,Jennifer  M. Conte.pdf,0.005360185270472438
JR1.txt,Jimi_Desai_PM.pdf,0.022763582852116535
JR1.txt,Kalpesh_Resume_9022467142-1 - Kalpesh Sonawane.pdf,0.04263578334584935
JR1.txt,kalyan das.pdf,0.03767210850950822
JR1.txt,Kashyap K. Vora resume.pdf,0.07930753200976334
JR1.txt,Kiran Java Developer - Kiran Pimpaldohakar.pdf,0.0061828077943188965
JR1.txt,KIRAN KUMAR.pdf,0.026932511804737193
JR1.txt,komal patel.pdf,0.022837355576341707
JR1.txt,Komala BSA Resume.pdf,0.07198717014080615
JR1.txt,Krishna Kuruvella.pdf,0.009657607478460993
JR1.txt,Krishna Sr. BSA Resume.pdf,0.07845642420455175
JR1.txt,Krishnapriya_BA.pdf,0.05867013293192361
JR1.txt,Krishna_BSA.pdf,0.07316191553328835
JR1.txt,Krishna_SrJava.pdf,0.022847416486920066
JR1.txt,Kumar Raj.pdf,0.037858688614728686
JR1.txt,Kunal_Darekar_9423845339 - KUNAL DAREKAR.pdf,0.01417602650236974
JR1.txt,Kuppurajbabu_BA.pdf,0.06315328000564818
JR1.txt,KY BA PM UPDATED RESUME .pdf,0.06831338257236176
JR1.txt,Madhuri Pawar.pdf,0.035285819950593156
JR1.txt,madhuri R.pdf,0.02262815179296367
JR1.txt,madhuri_java.pdf,0.03217620313082726
JR1.txt,MAHESH - Mahesh Sanap.pdf,0.00340157827281038
JR1.txt,mahesh_Java.pdf,0.020751394809498093
JR1.txt,Mahesh_Kamath_PM (1).pdf,0.005836838166879618
JR1.txt,Manikanta P.pdf,0.05966881086169724
JR1.txt,MANISH-PATIL-Resume  - Manish Patil.pdf,0.1410582557735291
JR1.txt,manish_singh_resume.pdf,0.07633080546013622
JR1.txt,Mani_Hadoop.pdf,0.08306538096193816
JR1.txt,Manohar B.pdf,0.02026506614978471
JR1.txt,Manohar Reddy.pdf,0.05426985415606944
JR1.txt,manohar.B.pdf,0.04188210837960169
JR1.txt,Mantesh_Swami_DA_Resume (2) - Mantesh Swami.pdf,0.11817322487804197
JR1.txt,mayuri_patil (2) - Mayuri Patil.pdf,0.02095762083062816
JR1.txt,Mehul.pdf,0.06005830801997476
JR1.txt,Mitali Barman_Resume.pdf,0.03822199132832527
JR1.txt,Modern Minimalist CV Resume (1) - Mayuresh Kshirsagar.pdf,0.0
JR1.txt,Mohamad Jamil.pdf,0.012789882223100449
JR1.txt,Mohammad Resume.pdf,0.07722947712365562
JR1.txt,mohid_rj.pdf,0.018531307999537665
JR1.txt,mounika BA resume 7.pdf,0.043345513375859485
JR1.txt,Mounika health care resume.pdf,0.04236892950948282
JR1.txt,MounikaReddy.pdf,0.04998553071380245
JR1.txt,Mounika_P.pdf,0.02284531890024549
JR1.txt,My_Resume (1) - Aayush Paralikar.pdf,0.035775926651738454
JR1.txt,My_Resume - Ratnadeep Gurav.pdf,0.09184959625528469
JR1.txt,Nandini_Resume.pdf,0.011840340812867315
JR1.txt,Naren Sr.BA .pdf,0.053190497768145446
JR1.txt,Naren Sr.BA.pdf,0.053124382843632766
JR1.txt,Naresh V.pdf,0.021515728300432586
JR1.txt,Naveen Arora.pdf,0.017793187758009386
JR1.txt,Naveen Kumar Bandela.pdf,0.022317870516131138
JR1.txt,Naveen.S_Resume.pdf,0.03705141367945794
JR1.txt,Navneeth Resume.pdf,0.026380086860845198
JR1.txt,Neha Mugghala.pdf,0.04306795153242498
JR1.txt,Nikhil.pdf,0.024475955302065477
JR1.txt,Nikita_Aghicha - Nikita Aghicha.pdf,0.03945204058742189
JR1.txt,Nikith Reddy.pdf,0.03443267653700516
JR1.txt,Nikki_Nimmagadd.pdf,0.037444916084052864
JR1.txt,Nilesh-resume_1_phplead.pdf,0.0
JR1.txt,Niteesh Java Developer.pdf,0.0423133641360921
JR1.txt,nithin katapally.pdf,0.04142586503745909
JR1.txt,nithin Reddy.pdf,0.04130658834882685
JR1.txt,Omkar Kapale Resume  - Omkar Kapale.pdf,0.002453477872061351
JR1.txt,Om_Pawar (3) - Om Pawar.pdf,0.04025028961159452
JR1.txt,Othman - Project Manager.pdf,0.012331792403424482
JR1.txt,Pankaj BSA.pdf,0.07350753626928891
JR1.txt,ParthMPatel_BA.pdf,0.03906319178975491
JR1.txt,Pavan Kumar Full Stack Java Developer.pdf,0.03294293846843261
JR1.txt,Pavan Sr Business Analyst resume.pdf,0.07605648080636097
JR1.txt,Pierre John.pdf,0.04417718100281688
JR1.txt,PM RESUME.pdf,0.014356590818547687
JR1.txt,PRABHAT SHARMA 9359318168 - Prabhat Sharma.pdf,0.11299348771699624
JR1.txt,Prachi-Ukey_Resume - Prachi Ukey.pdf,0.028636666765075352
JR1.txt,Pranay P.pdf,0.028107293238024276
JR1.txt,Prasad_Cv - Prasad Kulkarni.pdf,0.04031956998780872
JR1.txt,Prashant Chawda_resume.pdf,0.0038212583154997744
JR1.txt,Prataprao Kale - Prataprao Kale.pdf,0.037260649709090564
JR1.txt,Prathamesh_Bhagwat_Resume-1 - Prathmesh Bhagwat.pdf,0.0798060585798951
JR1.txt,Praveen B.pdf,0.0022096589649262988
JR1.txt,Praveen T.pdf,0.014153453128134336
JR1.txt,Priya B.pdf,0.0322304448316255
JR1.txt,Priyanka Resume (1) - Priyanka Mathpati.pdf,0.0
JR1.txt,Priyanka Sr BSA Resume.pdf,0.07576608336962695
JR1.txt,Priya_Sharma.pdf,0.0154106271233374
JR1.txt,Rajendra-PMP-CSM.pdf,0.0046843229114353555
JR1.txt,Rajesh_k.pdf,0.0055111793528820644
JR1.txt,Raju Goduguchinta_Technical Program Manager.pdf,0.026359644219041082
JR1.txt,ram krishna.pdf,0.027410478269582497
JR1.txt,ram nandyala.pdf,0.012966634967315342
JR1.txt,Ramachandra EDA.pdf,0.041505277704322316
JR1.txt,Ramkrishna_Kshirsagar_9307408326 - Ramkrishna Kshirsagar.pdf,0.031011844721112014
JR1.txt,Ramteja Motupalli.pdf,0.031120484734218884
JR1.txt,RAMYA BUSINESS ANALYST RESUME.pdf,0.07965518199102958
JR1.txt,Randy Adams.pdf,0.03775524363314344
JR1.txt,Ranjan_Project Manager-Scrum Master.pdf,0.018140188272646518
JR1.txt,Rao_Java.pdf,0.029672534615633045
JR1.txt,Rashmitha R.pdf,0.033899146068979646
JR1.txt,Ravi Pattar- Sr. Agile Program manager.pdf,0.015154968583071355
JR1.txt,Ravi Reddy.pdf,0.038335291254199114
JR1.txt,RaviBurra_Certified PM_DevOps.pdf,0.007233196551856413
JR1.txt,ravikiran JALASUTRAPU.pdf,0.028958563649778633
JR1.txt,RaviRaju_Resume.pdf,0.05689865051198659
JR1.txt,Reddemma_Lankipalle.pdf,0.024000230043032148
JR1.txt,Resume  - Rushikesh Takik.pdf,0.0
JR1.txt,Resume - Kishore Kotapati - 218E - BA.pdf,0.023413562841569285
JR1.txt,Resume - PM Agile-Scrum.pdf,0.013974318676097804
JR1.txt,Resume - Sr PM.pdf,0.013225377995926022
JR1.txt,Resume Madhura - Madhura Nikam.pdf,0.04978205760067615
JR1.txt,Resume Rutu (1) - Rutuja sawai.pdf,0.009396179248275462
JR1.txt,"Resume Vishal PM - MSIS, PMP-PMI.pdf",0.0867705745571064
JR1.txt,Resume2018March.pdf,0.0
JR1.txt,ResumeParthTate - Parth Tate.pdf,0.04794609687190142
JR1.txt,ResumeVaishnavi - Vaishnavi Tokale.pdf,0.20018028715166852
JR1.txt,Resume_Spoorti Pandit_BSA.pdf,0.01947234211953197
JR1.txt,Robinson.pdf,0.05008457639963623
JR1.txt,Rohanu Resume.pdf,0.03400448119318957
JR1.txt,Rohit_Bhore_Resume - Rohit Bhore.pdf,0.019386507811583607
JR1.txt,ronith s.pdf,0.020329346884777298
JR1.txt,Rupali_kale - rupali kale.pdf,0.006166474124772598
JR1.txt,Rushikesh Takik Resume - Rushikesh Takik.pdf,0.040135712815319524
JR1.txt,SagarA (1) - SAGAR KADAM.pdf,0.017588865136312914
JR1.txt,Sahas BA Resume.pdf,0.0591190604759696
JR1.txt,Sahil kadam (1) - Sahil Kadam.pdf,0.0
JR1.txt,Sahithi K.pdf,0.02582658849445722
JR1.txt,sai k.pdf,0.028408955868024173
JR1.txt,Sai Krishna BA.pdf,0.06635764627502083
JR1.txt,Sai kumar.pdf,0.028791323222775247
JR1.txt,Sai Srinivas_Sr_Java_Developer.pdf,0.046508703382743946
JR1.txt,sairithvik alla.pdf,0.0442539724964162
JR1.txt,Saiteja G.pdf,0.02937859663862192
JR1.txt,Sakshi final resume-3 - Sakshi Umate.pdf,0.0029772879861336993
JR1.txt,Samarth-Sanjay-Harde-Resume - Samarth harde.pdf,0.13060477501589993
JR1.txt,Samir Naik-NJ - Feb 2018-V6.0.pdf,0.022954780962072055
JR1.txt,Samir Naik-NJ - Mar 2018-V3.0.pdf,0.027610024341134812
JR1.txt,sanikap.resume - sanika Pawar.pdf,0.008369261831772848
JR1.txt,Sanika_Adkurkar_8530289363 - Sanika Adkurkar.pdf,0.05492042252541034
JR1.txt,sanjay kumar.pdf,0.031345237252850204
JR1.txt,Santosh Arugula BA.pdf,0.05416485187864162
JR1.txt,Santosh Kirtane Resume - Santosh Kirtane.pdf,0.010953857025138309
JR1.txt,Sarath M.pdf,0.025330242982746932
JR1.txt,SaravanaKumar.pdf,0.018787479806969643
JR1.txt,SarthakDharam_Resume - Sarthak Dharam.pdf,0.0423985526982753
JR1.txt,Satish Reddy.pdf,0.030005391925310407
JR1.txt,Satish Uduta.pdf,0.031622356009697296
JR1.txt,SAURABH_PM.pdf,0.01579809085853964
JR1.txt,Sayali Jadhav (3) - Sayali Jadhav.pdf,0.0
JR1.txt,Shail_Tank-Business Analyst .pdf,0.06214679822396464
JR1.txt,Shaker Resume.pdf,0.07612777453591331
JR1.txt,Sharath Java.pdf,0.041738418215866935
JR1.txt,Shashank.pdf,0.048485076381112366
JR1.txt,shaz_resume - Shaz Kazi.pdf,0.06236531157841893
JR1.txt,Shelly Woods.pdf,0.06751414120340973
JR1.txt,Shiuli Mahmud.pdf,0.03380336321373669
JR1.txt,Shiva G-Java Resume.pdf,0.030990520014870345
JR1.txt,Shreyash Musmade - Shreyash Musmade.pdf,0.04499279927970931
JR1.txt,Shrikrishna Resume - Shrikrishna Sutar.pdf,0.012985607470946516
JR1.txt,Shruti Resume - Shruti.pdf,0.0
JR1.txt,shubhangi_shelake_Mern_Stack_Resume - Shubhangi shelake.pdf,0.019167757712632516
JR1.txt,Shymkumar Nhavkar CV DATA SCIENTIST - Shyamkumar Nhavkar.pdf,0.23169308739178415
JR1.txt,Siddhartha Gandroju.pdf,0.04042164642240071
JR1.txt,Smita Kamble_Resume.pdf,0.05472267928774455
JR1.txt,Software_Engineer_Resume (2) - Samruddhi Magdum.pdf,0.030085728238823994
JR1.txt,Sougandh_Java Fullstack Developer.pdf,0.029601592753548345
JR1.txt,Spoorthi Finance BSA Resume.pdf,0.06685052190565556
JR1.txt,sql base resume_060547 - Omkar Pawar.pdf,0.018304492205052873
JR1.txt,Sr. Business Analyst.pdf,0.060757757966987
JR1.txt,Sravani Battu.pdf,0.018427499121401947
JR1.txt,Sravani Singirikonda.pdf,0.0325451247758966
JR1.txt,Sri Gati.pdf,0.029888263003858447
JR1.txt,srinivas b.pdf,0.02230553088519418
JR1.txt,Srivatsan_Project_Manager.pdf,0.06471237588577092
JR1.txt,Sudhakar Reddy.pdf,0.023187663889376924
JR1.txt,Sumanth Manne Java Developer.pdf,0.029226544969869903
JR1.txt,Sumit_Resume-4 - Sumit Mane.pdf,0.034363673848251834
JR1.txt,Sundar_Java_8+ Years..pdf,0.030475465361262014
JR1.txt,SUNITHA Project Manager (1).pdf,0.0524886108336526
JR1.txt,Syed_Zia_Ashraf.pdf,0.04689962213642155
JR1.txt,Tanmay_Dam_Resume_BA.pdf,0.044875614047484635
JR1.txt,Tarun RESUME-BSAT.pdf,0.06504871072280459
JR1.txt,Tarun Resume.pdf,0.0590371461994401
JR1.txt,Tarun.pdf,0.04811027639910834
JR1.txt,Tarun_Developer.pdf,0.04259576684268484
JR1.txt,Tejaswi-resume.pdf,0.0631130867814078
JR1.txt,Tejas_Ahire_7709083540 - Tony Stark.pdf,0.011239435389120485
JR1.txt,Tejas_Pawale__1___1_ (1) - TEJAS PAWALE.pdf,0.04006204647579426
JR1.txt,Tushar Patel.pdf,0.019998724080346756
JR1.txt,Uday_Maripelly.pdf,0.03104371204979749
JR1.txt,Ujjwal Fengde CV_compressed - Ujjwal Fengde.pdf,0.013219683226777232
JR1.txt,Ujvala BA Feb 20.pdf,0.03991930117321564
JR1.txt,Utthan Silawal12.pdf,0.04568033123174082
JR1.txt,V Ashok A.pdf,0.018004233618064604
JR1.txt,Vaishanvi Shete1-1 - Vaishnavi Shete.pdf,0.04002974685298615
JR1.txt,vaishnavi Resume - Vaishnavi Tokale.pdf,0.09780878654711467
JR1.txt,Vaishnavi-Chandak-resume - Vaishnavi Chandak.pdf,0.010454986593563854
JR1.txt,Vamshi L.pdf,0.0253152865105368
JR1.txt,Vamshi Teja_Business Analyst.pdf,0.03386260076307656
JR1.txt,Varun Kumar.pdf,0.03371600464022491
JR1.txt,Varun.pdf,0.0326276848571035
JR1.txt,Vedant Resume - Vedant Kshirsagar.pdf,0.017932549160893638
JR1.txt,Vedanti Nagane Resume - Vedanti Nagane(1).pdf,0.045421179060755205
JR1.txt,Vedanti Nagane Resume - Vedanti Nagane.pdf,0.045421179060755205
JR1.txt,Vedantresume (2) - Vedant Yeole.pdf,0.007422503903772356
JR1.txt,vema reddy.pdf,0.06215012268165105
JR1.txt,Venkata_Sr.PHP_Developer.pdf,0.014215249883443623
JR1.txt,Venkat_BA.pdf,0.054395750605646484
JR1.txt,venu b.pdf,0.022364092289931334
JR1.txt,Vijay Bhargav.pdf,0.10151506359898992
JR1.txt,VIJETHA G.pdf,0.0359318742974887
JR1.txt,vikas java.pdf,0.03063793314785429
JR1.txt,Vikash_BA_Ab.pdf,0.06401141216615
JR1.txt,Vinay.D_Resume.pdf,0.025510585892389817
JR1.txt,VinayakResume1 - Vinayak Patil.pdf,0.0059716694150790195
JR1.txt,Vishal S..pdf,0.023195682114945333
JR1.txt,Vishal Shinde resume (2)  - vishal shinde.pdf,0.06182432188552581
JR1.txt,Vishnu BA Resume.pdf,0.05346629088684182
JR1.txt,Vishnu J.pdf,0.04559454486821172
JR1.txt,Vishnu Java dev.pdf,0.04559454486821172
JR1.txt,Vishu_Resume_Latest - vishwajit patil.pdf,0.03094793290077373
JR1.txt,Vivek Joshi_CV.pdf,0.02922039180562653
JR1.txt,Vivek.BSA.pdf,0.08529894520356207
JR1.txt,WebDev_Resume - Aryan Pardeshi.pdf,0.010811909205595448
JR1.txt,Yohan BSA.pdf,0.07484063575296532
JR1.txt,Yugesh_Resume.pdf,0.034734639914592656
