rank,filename,score_pct,keyword_match_pct,matched_keywords,missing_keywords
1,Shymkumar Nhavkar CV DATA SCIENTIST - Shyamkumar Nhavkar.pdf,22.82,81.2,"analyst, analyst data, data, data analyst, data science, ml, nlp, nlp data, python, python sql, science, sql, sql ml","dl, dl nlp, ml dl"
2,ResumeVaishnavi - Vaishnavi Tokale.pdf,20.09,68.8,"analyst, analyst data, data, data analyst, data science, nlp, nlp data, python, python sql, science, sql","dl, dl nlp, ml, ml dl, sql ml"
3,MANISH-PATIL-Resume  - Manish Patil.pdf,14.13,56.2,"analyst, analyst data, data, data analyst, data science, python, python sql, science, sql","dl, dl nlp, ml, ml dl, nlp, nlp data, sql ml"
4,Samarth-Sanjay-Harde-Resume - Samarth harde.pdf,13.02,56.2,"analyst, analyst data, data, data analyst, nlp, nlp data, python, python sql, sql","data science, dl, dl nlp, ml, ml dl, science, sql ml"
5,Aditikuhar_GSMCOE - aditi kuhar.pdf,12.29,62.5,"data, data science, ml, nlp, nlp data, python, python sql, science, sql, sql ml","analyst, analyst data, data analyst, dl, dl nlp, ml dl"
6,Alhad Thakare-DA-CV - Alhad Thakare.pdf,12.23,43.8,"analyst, analyst data, data, data analyst, python, python sql, sql","data science, dl, dl nlp, ml, ml dl, nlp, nlp data, science, sql ml"
7,Anushka-kolteCV - Anushka kolte.pdf,12.08,62.5,"data, data science, ml, nlp, nlp data, python, python sql, science, sql, sql ml","analyst, analyst data, data analyst, dl, dl nlp, ml dl"
8,Mantesh_Swami_DA_Resume (2) - Mantesh Swami.pdf,11.79,56.2,"analyst, analyst data, data, data analyst, data science, python, python sql, science, sql","dl, dl nlp, ml, ml dl, nlp, nlp data, sql ml"
9,PRABHAT SHARMA 9359318168 - Prabhat Sharma.pdf,11.45,50.0,"data, dl, ml, ml dl, python, python sql, sql, sql ml","analyst, analyst data, data analyst, data science, dl nlp, nlp, nlp data, science"
10,Vijay Bhargav.pdf,10.14,37.5,"data, data science, python, python sql, science, sql","analyst, analyst data, data analyst, dl, dl nlp, ml, ml dl, nlp, nlp data, sql ml"
